sample_name,1,2,4,6,8,10,12,16,20,24,30,36,42,48
X_1_mic0,0.134233333,0.103233333,0.1136,1.0918,1.360833333,1.4962,1.551,1.618533333,1.6903,1.631366667,1.6642,1.6488,1.707633333,1.6595
X_2_mic0,0.124533333,0.124871,0.150195667,0.591029,1.018033333,1.24718,1.37052,1.40722,1.422400333,1.477566333,1.510416667,1.566829667,1.553006667,1.566325
X_3_mic0,0.123433333,0.1019,0.105533333,0.161333333,0.419433333,1.142633333,1.3491,1.4891,1.645333333,1.632466667,1.691733333,1.743833333,1.654833333,1.7265
X_4_mic0,0.064846667,0.06784,0.072693333,0.092426667,0.2114,0.87985,1.098813333,1.346186667,1.53078,1.602473333,1.705546667,1.751473333,1.762633333,1.735566667
X_5_mic0,0.091366667,0.090066667,0.098566667,0.1817,0.4444,0.7558,1.046333333,1.3653,1.5309,1.609433333,1.636,1.562166667,1.616333333,1.644033333
X_6_mic0,0.077733333,0.0867,0.090633333,0.115466667,0.2072,0.391066667,0.4688,0.595833333,0.634366667,0.666066667,0.721133333,0.7697,0.8558,0.835133333
X_7_mic0,0.117633333,0.095566667,0.096366667,0.120633333,0.1843,0.347766667,0.605266667,0.816133333,1.229766667,1.356533333,1.5276,1.6722,1.619933333,1.7093
X_8_mic0,0.087966667,0.0929,0.0978,0.1287,0.196933333,0.437166667,0.7725,1.062833333,1.410233333,1.672333333,1.702933333,1.653,1.6947,1.683666667
X_9_mic0,0.111166667,0.090066667,0.089733333,0.133433333,0.315166667,0.976333333,1.3251,1.4258,1.6031,1.576533333,1.616466667,1.6746,1.5931,1.715133333
X_10_mic0,0.1082,0.087433333,0.085433333,0.108166667,0.1186,0.2006,0.3925,1.3963,1.519033333,1.547833333,1.5784,1.677266667,1.5683,1.6501
X_11_mic0,0.07568,0.076073333,0.08116,0.093626667,0.231066667,0.757683333,0.94138,0.974986667,0.978846667,0.991473333,0.998846667,0.99184,1.107933333,1.098233333
X_12_mic0,0.1045,0.084333333,0.098466667,0.252833333,0.8542,1.2276,1.297133333,1.412033333,1.5445,1.584133333,1.7026,1.769366667,1.688766667,1.735366667
X_13_mic0,0.1115,0.0964,0.269666667,0.8819,1.182333333,1.2129,1.3976,1.505033333,1.592466667,1.5786,1.651133333,1.547133333,1.5592,1.636166667
X_14_mic0,0.114133333,0.083333333,0.0853,0.134633333,0.310833333,0.766233333,1.298133333,1.4908,1.538466667,1.589366667,1.701833333,1.7622,1.700333333,1.7193
X_15_mic0,0.110933333,0.065603333,0.07413,0.099529333,0.2007,1.016813333,1.416753333,1.550386667,1.571500333,1.686333,1.66385,1.699496333,1.63034,1.658758333
X_16_mic0,0.127266667,0.0909,0.235433333,0.981033333,1.199333333,1.428833333,1.6332,1.676,1.709733333,1.645933333,1.676366667,1.663633333,1.668433333,1.660766667
X_17_mic0,0.09928,0.10124,0.105526667,0.116293333,0.233333333,0.99655,1.315113333,1.424753333,1.469113333,1.47074,1.52928,1.52604,1.5484,1.6106
X_18_mic0,0.117266667,0.067836667,0.079763333,0.131629,0.301366667,0.716713333,0.91462,1.151353333,1.378000333,1.494533,1.63545,1.705496333,1.66394,1.702925
X_19_mic0,0.123033333,0.068936667,0.08513,0.199462333,0.840466667,1.306246667,1.402986667,1.48092,1.482700333,1.471733,1.501283333,1.564263,1.504873333,1.567291667
X_20_mic0,0.124866667,0.072703333,0.079596667,0.073796667,0.339,1.08228,1.25012,1.52662,1.569033667,1.495166333,1.614283333,1.475729667,1.63214,1.643325
X_21_mic0,0.112528571,0.05514762,0.178499997,0.71215,0.88184,0.986516633,1.0999,1.295962333,1.552886,1.685970333,1.735608333,1.694216667,1.655983667,1.668229
X_22_mic0,0.114833333,0.0832,0.094,0.205766667,0.5089,0.978066667,1.233466667,1.4386,1.5509,1.564333333,1.6137,1.6596,1.5956,1.635266667
X_23_mic0,0.11552857,0.049580957,0.111899997,0.163583337,0.457273333,0.788250033,1.171966667,1.297162333,1.385686,1.381937667,1.409775,1.38315,1.418083667,1.440995667
X_24_mic0,0.115095237,0.051980957,0.127166663,0.366050033,0.760273333,0.881216667,1.0358,1.326495667,1.601586,1.723071,1.807641667,1.783283333,1.737750333,1.736629
X_25_mic0,0.114861904,0.053447623,0.119199997,0.181850013,0.436206667,0.660616667,0.8149,1.1182954,1.330352667,1.441337667,1.670241667,1.696183333,1.579617,1.528629
X_26_mic0,0.105361904,0.049314287,0.108399999,0.116950002,0.124973333,0.190216653,0.402666667,0.763695267,0.9966857,1.094571167,1.334341667,1.44275,1.394317,1.363762333
X_27_mic0,0.2139,0.111466667,0.172866667,0.172633333,0.642966667,1.3329,1.384033333,1.5686,1.6738,1.6988,1.770033333,1.820633333,1.804366667,1.677233333
X_28_mic0,0.101828571,0.048414287,0.108266665,0.163783337,0.683006667,1.102816433,1.367733333,1.540495667,1.649186,1.710037333,1.818041667,1.82245,1.761917,1.765195667
X_29_mic0,0.121633333,0.097266667,0.186166667,0.991766667,1.1717,1.403466667,1.405666667,1.512666667,1.593733333,1.631233333,1.7568,1.829166667,1.7864,1.872433333
X_30_mic0,0.070890473,0.178420833,0.461554167,0.9697625,1.120133333,1.091933467,1.1686,1.276433333,1.403366667,1.50188,1.728833333,1.757503667,1.780557,1.680049667
X_31_mic0,0.1063,0.100133333,0.177395237,0.495866667,1.209871,1.427314,1.503280667,1.633017,1.7073,1.714133333,1.731737667,1.722983,1.653129,1.730157
X_32_mic0,0.071108333,0.069866667,0.105725,0.130783333,0.451633667,0.618326667,0.969616333,1.603683,1.600383667,1.7313,1.744193333,1.728333667,1.730566667,1.799895667
X_33_mic0,0.094566667,0.111766667,0.164166667,0.100933333,0.1311,0.271,0.5945,0.809833333,1.1968,1.4541,1.627866667,1.855466667,1.8587,1.823933333
X_34_mic0,0.0834,0.084633333,0.121261903,0.1988,0.797404733,1.374914,1.502080667,1.564983667,1.662166667,1.6698,1.717337667,1.686449667,1.644129333,1.685457
X_35_mic0,0.099628571,0.056380953,0.112299998,0.119183336,0.22334,0.691183333,1.277666667,1.491895667,1.535852667,1.536970667,1.584475,1.506116667,1.457717,1.405729
X_36_mic0,0.0816,0.087533333,0.13162857,0.301033333,1.042104733,1.277047333,1.426280667,1.487983667,1.578566667,1.587833333,1.666771,1.672649667,1.626196,1.668957
X_37_mic0,0.107128571,0.062847623,0.122299997,0.168416663,0.54234,0.886383367,1.097766667,1.328395667,1.557086,1.640004,1.760175,1.76785,1.697550333,1.693929
X_38_mic0,0.104033333,0.142,0.227133333,0.6128,0.901266667,1.134333333,1.347766667,1.465866667,1.610633333,1.632566667,1.704066667,1.696633333,1.655566667,1.703666667
X_39_mic0,0.11202857,0.094514286,0.13633333,0.11611667,0.136306667,0.274949967,0.702266667,1.072095167,1.304619333,1.482737667,1.621875,1.663683333,1.611117,1.632162333
X_40_mic0,0.1133,0.1139,0.186195237,0.386966667,1.114771,1.250447333,1.505880667,1.505917,1.684466667,1.680366667,1.738304333,1.677449667,1.658396333,1.684757
X_41_mic0,0.109123809,0.1319875,0.146420833,0.800295833,1.117866667,1.360167,1.402566667,1.4566,1.558833333,1.514146667,1.675766667,1.664570333,1.657990333,1.685816333
X_42_mic0,0.078333333,0.085633333,0.085176667,0.092363333,0.119323333,0.266323333,0.60537,1.036703333,1.188293333,1.40334,1.452096667,1.56943,1.6244,1.66075
X_43_mic0,0.079241667,0.077566667,0.100025,0.085683333,0.089667,0.12976,0.339049667,1.085183,1.407750333,1.568566667,1.741326667,1.719100333,1.726766667,1.620495667
X_44_mic0,0.0789,0.085066667,0.089476667,0.14543,0.328623333,0.94069,1.27827,1.53047,1.60776,1.64724,1.704796667,1.74543,1.745033333,1.76025
X_45_mic0,0.079233333,0.085,0.08691,0.09993,0.17039,0.58749,1.214936667,1.346836667,1.46946,1.52894,1.523896667,1.533663333,1.5541,1.567283333
X_46_mic0,0.0824,0.0879,0.088076667,0.090596667,0.094456667,0.118323333,0.221203333,0.807903333,1.193293333,1.341006667,1.400963333,1.480896667,1.516166667,1.503583333
X_47_mic0,0.0797,0.086933333,0.087343333,0.09003,0.09849,0.18429,0.55417,1.288503333,1.432626667,1.503706667,1.533063333,1.550263333,1.5681,1.58695
X_48_mic0,0.0805,0.090366667,0.10961,0.20593,0.433023333,0.960623333,1.19537,1.431803333,1.538793333,1.557163333,1.551466667,1.574506667,1.555096667,1.562416667
X_49_mic0,0.085133333,0.091533333,0.10741,0.38163,1.098723333,1.303923333,1.46237,1.44107,1.504893333,1.524406667,1.56053,1.599963333,1.607066667,1.637783333
X_50_mic0,0.091041667,0.087466667,0.113325,0.09235,0.096700333,0.16596,0.645749667,1.508749667,1.581683667,1.698966667,1.745293333,1.761433667,1.729133333,1.773895667
X_51_mic0,0.0894,0.0943,0.09371,0.09583,0.10059,0.13479,0.284603333,1.030436667,1.357026667,1.47113,1.499373333,1.516763333,1.548533333,1.591616667
X_52_mic0,0.081413333,0.066186,0.099,0.0924,0.08128,0.10774,0.2639,1.161386667,1.495166667,1.661226667,1.75506,1.777873333,1.773976333,1.713616667
X_53_mic0,0.084513333,0.076919333,0.1041,0.091633333,0.08538,0.103173333,0.191733333,1.019853333,1.448233333,1.58506,1.697226667,1.733406667,1.729776333,1.68975
X_54_mic0,0.09238,0.085719333,0.103033333,0.095066667,0.09728,0.161806667,0.537166667,1.46632,1.658,1.728693333,1.722493333,1.748706667,1.740409667,1.733183333
X_55_mic0,0.08446,0.0848,0.090093333,0.086926667,0.093906667,0.095573333,0.120993333,0.37984,0.75894,0.99036,1.0408,1.0766,1.135325,1.14654
X_56_mic0,0.08724,0.079486667,0.099646667,0.19833,0.53357,1.07173,1.20671,1.239744333,1.371122667,1.421022667,1.406622,1.467366333,1.483722,1.486677667
X_57_mic0,0.08914,0.076353333,0.11888,0.490596667,0.67597,0.74573,0.87191,1.067111,1.237822667,1.340890667,1.346121333,1.364477667,1.376399667,1.364488667
X_58_mic0,0.09054,0.081553333,0.088646667,0.091396667,0.103036667,0.143196667,0.367243333,1.219444333,1.263288667,1.270022667,1.347556,1.407011,1.381633,1.399522
X_59_mic0,0.087983333,0.08888,0.089363333,0.09111,0.073733333,0.046,0.192683333,1.279296667,1.546278,1.643166667,1.6544,1.697244,1.7087,1.708433333
X_60_mic0,0.095873333,0.09322,0.096313333,0.110763333,0.18467,0.464163333,1.16351,1.311077667,1.348699667,1.328555333,1.324955333,1.368744333,1.426856,1.459756
X_61_mic0,0.07725,0.071046667,0.078783667,0.085566667,0.08945,0.153393333,0.615583333,1.311286667,1.62176,1.69208,1.784913333,1.81484,1.76444,1.787646667
X_62_mic0,0.077983333,0.08048,0.081963333,0.086776667,0.068633333,0.0375,0.12625,1.014363333,1.462344667,1.593566667,1.5894,1.6579,1.6648,1.667744
X_63_mic0,0.07935,0.084146667,0.083996667,0.095643333,0.0954,0.171766667,0.635116667,1.26033,1.476211333,1.538977333,1.547266667,1.621666667,1.642033333,1.646310667
X_64_mic0,0.081716667,0.08458,0.085996667,0.09061,0.0697,0.025333333,0.02365,0.143596667,0.663611333,0.9789,1.076066667,1.288633333,1.328966667,1.509010667
X_65_mic0,0.078883333,0.082713333,0.084763333,0.08771,0.070633333,0.0335,0.066116667,0.822096667,1.416811333,1.622833333,1.617266667,1.644766667,1.694766667,1.702910667
X_66_mic0,0.093326667,0.0935,0.094793333,0.094726667,0.104906667,0.13294,0.210526667,0.676806667,1.17454,1.264193333,1.273866667,1.3694,1.331966667,1.337406667
X_67_mic0,0.085816667,0.088913333,0.08953,0.090143333,0.0768,0.042133333,0.158116667,0.964096667,1.435844667,1.524066667,1.498766667,1.5977,1.611510667,1.619666667
X_68_mic0,0.084083333,0.08438,0.084763333,0.086276667,0.069266667,0.0697,0.310783333,0.832963333,1.400878,1.496133333,1.515433333,1.571766667,1.626744,1.639966667
X_69_mic0,0.085183333,0.08828,0.089596667,0.08651,0.071833333,0.037266667,0.092016667,0.981563333,1.516244667,1.6991,1.709333333,1.725533333,1.7963,1.799910667
X_70_mic0,0.093683333,0.09268,0.094163333,0.10411,0.103,0.3015,1.06195,1.372463333,1.569511333,1.587266667,1.620966667,1.6479,1.640010667,1.624466667
X_71_mic0,0.09055,0.084113333,0.091250333,0.096966667,0.093283333,0.10586,0.178583333,0.89002,1.397826667,1.532213333,1.606413333,1.615773333,1.58294,1.605046667
X_72_mic0,0.08826,0.08896,0.08608,0.091933333,0.12296,0.207866667,0.400226667,1.076266667,1.299646667,1.433433333,1.54962,1.540646667,1.576406667,1.603006667
X_73_mic0,0.080167,0.07932,0.087986667,0.0906,0.107366667,0.430166333,0.89208,1.35475,1.452673333,1.6026,1.680516333,1.705047333,1.649775,1.5984
X_74_mic0,0.080167,0.084753333,0.09062,0.089133333,0.085033333,0.126633,0.34238,1.171616667,1.32754,1.371466667,1.390416333,1.400314,1.520275,1.445566667
X_75_mic0,0.093526667,0.090526667,0.087913333,0.088133333,0.097693333,0.1531,0.288026667,0.809133333,1.01028,1.065233333,1.13262,1.14468,1.147173333,1.18744
X_76_mic0,0.08996,0.093226667,0.098113333,0.163666667,0.399426667,0.857266667,1.148206667,1.16818,1.2587,1.245426667,1.256506667,1.2872,1.29698,1.332353333
X_77_mic0,0.08816,0.08866,0.085813333,0.087666667,0.09476,0.117633333,0.167893333,0.5662,1.08048,1.172166667,1.11828,1.32012,1.309173333,1.393006667
X_78_mic0,0.089793333,0.090993333,0.08968,0.0933,0.109093333,0.1562,0.30806,1.178933333,1.33328,1.4139,1.49268,1.506206667,1.502686667,1.533106667
X_79_mic0,0.093767,0.09702,0.104153333,0.105566667,0.099333333,0.198466333,0.880113333,1.508383333,1.56394,1.609166667,1.656916333,1.711014,1.800175,1.682
X_80_mic0,0.09536,0.098326667,0.096046667,0.097533333,0.097126667,0.1008,0.106726667,0.215133333,0.491246667,0.7664,0.902553333,0.944946667,0.969806667,1.017606667
X_81_mic0,0.09476,0.095593333,0.096213333,0.098233333,0.115726667,0.184633333,0.37896,1.151066667,1.210146667,1.288,1.350773333,1.364813333,1.390553333,1.44514
X_82_mic0,0.096293333,0.098293333,0.09758,0.0983,0.10216,0.1069,0.134793333,0.227666667,0.497546667,0.789533333,0.982253333,1.009746667,1.026373333,1.060706667
X_83_mic0,0.078713333,0.065033333,0.090616333,0.090226667,0.083746667,0.177926667,0.721666333,1.16006,1.485826667,1.609941667,1.67936,1.73698,1.7379,1.754006667
X_84_mic0,0.083826667,0.084266667,0.08576,0.086626667,0.10094,0.115173333,0.15366,0.38864,0.82814,1.15746,1.2095,1.296458333,1.291933333,1.43044
X_85_mic0,0.0835,0.086633333,0.085646667,0.085393333,0.130226667,0.2538,0.46248,1.02958,1.01316,1.140653333,1.171146667,1.18796,1.174106667,1.17032
X_86_mic0,0.08884,0.094066333,0.088146667,0.101583333,0.108986667,0.18136,0.53882,1.116913333,1.3629,1.4279,1.504333333,1.490926667,1.46398,1.463383333
X_87_mic0,0.0771,0.0855,0.083846667,0.085626667,0.14136,0.3141,0.645846667,1.181793333,1.23098,1.27628,1.38026,1.38574,1.39248,1.392153333
X_88_mic0,0.081366667,0.0876,0.090313333,0.120393333,0.297326667,0.6043,0.88238,1.00816,1.119186667,1.24888,1.270093333,1.352073333,1.420186667,1.465346667
X_89_mic0,0.078733333,0.0869,0.087146667,0.104626667,0.233093333,0.5705,1.088446667,1.174126667,1.198386667,1.310546667,1.40616,1.448906667,1.47662,1.480746667
X_90_mic0,0.097926667,0.097933333,0.11016,0.213126667,0.67704,1.03254,1.06516,1.180206667,1.248906667,1.2695,1.32076,1.332358333,1.360166667,1.414073333
X_91_mic0,0.0848,0.091066667,0.09158,0.08916,0.275126667,0.581466667,0.698813333,0.885493333,1.04878,1.192213333,1.25836,1.272573333,1.26962,1.261546667
X_92_mic0,0.06864,0.071733,0.08888,0.08675,0.08152,0.108693333,0.326053333,0.96798,1.3109,1.424366667,1.539333333,1.59536,1.606413333,1.608283333
X_93_mic0,0.09098,0.081233333,0.102383,0.098593333,0.115846667,0.486126667,1.212633,1.377826667,1.554926667,1.644675,1.62296,1.61698,1.583466667,1.587206667
X_94_mic0,0.091626667,0.092166667,0.092893333,0.093293333,0.14294,0.26004,0.40196,0.64564,0.805773333,1.01756,1.077833333,1.127091667,1.1549,1.29814
X_95_mic0,0.068983333,0.06608,0.079383667,0.0799,0.07955,0.102426667,0.22895,1.094353333,1.55596,1.69558,1.754213333,1.795973333,1.85174,1.836846667
X_96_mic0,0.081366667,0.085,0.08928,0.080626667,0.093626667,0.127666667,0.22208,0.85006,1.003153333,1.075913333,1.124726667,1.136906667,1.19968,1.224086667
X_97_mic0,0.077306667,0.085299667,0.08298,0.104883333,0.15742,0.42446,0.900053333,1.108213333,1.3513,1.434033333,1.548766667,1.572593333,1.560813333,1.56105
X_98_mic0,0.081666667,0.089333333,0.09028,0.100126667,0.229726667,0.474633333,0.78728,1.02526,1.151686667,1.190846667,1.146826667,1.20654,1.313686667,1.30598
X_99_mic0,0.0842,0.0912,0.091513333,0.08986,0.09646,0.117033333,0.181246667,0.738226667,0.930653333,1.01068,1.06176,1.115106667,1.182453333,1.199113333
X_1_mic2,0.113866667,0.114166667,0.117,0.319433333,1.2685,1.371166667,1.434833333,1.489333333,1.56,1.381233333,1.666233333,1.633566667,1.553533333,1.592466667
X_2_mic2,0.126719333,0.131437667,0.208026667,0.236866333,0.217433333,0.242883333,0.161086,0.116223667,0.126766667,0.142666667,0.131467,1.162100333,1.424499667,1.476995667
X_3_mic2,0.1404,0.084733333,0.123,0.134833333,0.372366667,0.838,1.325233333,1.497466667,1.595233333,1.639233333,1.687266667,1.727533333,1.649866667,1.720733333
X_4_mic2,0.129453333,0.07324,0.075126667,0.083426667,0.073933333,0.072716667,0.073046667,0.070086667,0.073113333,0.081606667,0.08098,0.07644,1.505633,1.619029
X_5_mic2,0.094966667,0.1164,0.093433333,0.127233333,0.234633333,0.441533333,0.569633333,0.9637,1.265633333,1.265133333,1.5152,1.537133333,1.576333333,1.572233333
X_6_mic2,0.1001,0.1227,0.089366667,0.091466667,0.0979,0.136266667,0.1835,0.357166667,0.5778,0.501933333,0.768666667,0.826033333,0.947233333,0.947533333
X_7_mic2,0.152866667,0.057966667,0.120166667,0.108566667,0.207533333,0.332266667,0.5066,0.825966667,1.179666667,1.404766667,1.559366667,1.685,1.650133333,1.741933333
X_8_mic2,0.102733333,0.107133333,0.107966667,0.148266667,0.2579,0.442633333,0.599133333,0.772666667,1.097166667,1.206566667,1.640433333,1.638166667,1.6074,1.5574
X_9_mic2,0.142633333,0.0541,0.1049,0.107733333,0.271466667,0.8656,1.2912,1.459266667,1.571666667,1.585666667,1.5987,1.652733333,1.586466667,1.712533333
X_10_mic2,0.1389,0.059666667,0.104666667,0.099266667,0.129966667,0.142566667,0.233533333,0.801033333,1.341,1.485766667,1.575433333,1.627433333,1.489966667,1.637233333
X_11_mic2,0.079246667,0.07884,0.082926667,0.086426667,0.079233333,0.081816667,0.079746667,0.079253333,0.07698,0.096773333,0.084713333,0.486406667,0.9882,1.0409
X_12_mic2,0.141033333,0.059866667,0.128933333,0.1304,0.502766667,1.1769,1.346566667,1.4165,1.578733333,1.5968,1.656366667,1.706833333,1.636533333,1.723533333
X_13_mic2,0.101,0.138933333,0.1182,0.098233333,0.123666667,0.261766667,0.492366667,0.890933333,1.350833333,1.448733333,1.6276,1.632766667,1.581066667,1.5769
X_14_mic2,0.131866667,0.058933333,0.1127,0.106866667,0.2869,0.515833333,1.0075,1.444,1.575633333,1.614033333,1.660466667,1.695,1.623933333,1.7098
X_15_mic2,0.162519333,0.150204333,0.228993333,0.299133,0.404366667,0.75565,1.241986,1.610890333,1.6391,1.576466667,1.730800333,1.774900333,1.749999667,1.737729
X_16_mic2,0.116233333,0.123733333,0.144366667,0.685,1.298233333,1.5115,1.5863,1.6084,1.677866667,1.521466667,1.7492,1.690733333,1.662433333,1.6494
X_17_mic2,0.100643333,0.095606667,0.107993333,0.09866,0.095333333,0.10955,0.191813333,1.187086667,1.428246667,1.491006667,1.53868,1.57944,1.564933333,1.617766667
X_18_mic2,0.155852667,0.153771,0.23106,0.296666333,0.287766667,0.397383333,0.501619333,0.645257,0.729466667,0.7889,0.975700333,0.997100333,1.231633,1.390362333
X_19_mic2,0.146252667,0.142204333,0.227226667,0.284299667,0.249566667,0.26355,0.239086,0.710923667,1.2328,1.360233333,1.388133667,1.445967,1.529366333,1.503629
X_20_mic2,0.130286,0.099837333,0.151793333,0.190633,0.1887,0.20845,0.528619333,1.298257,1.446133333,1.394733333,1.356200333,1.457467,1.626866333,1.614229
X_21_mic2,0.104666667,0.181033333,0.109566667,0.108066667,0.0964,0.074266667,0.1161,0.1055,0.101766667,0.104933333,0.087733333,0.1124,0.1163,0.096566667
X_22_mic2,0.1188,0.0567,0.130066667,0.130333333,0.379766667,0.8082,1.024066667,1.402933333,1.5812,1.5987,1.628433333,1.676033333,1.5106,1.651866667
X_23_mic2,0.11281429,0.203852367,0.132133333,0.107333333,0.08445,0.097495237,0.169,0.5789625,0.904123833,1.0156375,1.037325,1.081533333,1.131066667,1.142752467
X_24_mic2,0.113580954,0.200852373,0.1119,0.106833333,0.082783333,0.09202857,0.127,0.110529167,0.130390473,0.081604167,0.083425,0.0747,0.087633333,0.104319047
X_25_mic2,0.123780953,0.208019043,0.123833333,0.122966667,0.133083333,0.327695267,0.473633333,0.6481625,0.7748238,0.8807375,1.198391667,1.4865,1.6844,1.671386
X_26_mic2,0.124714287,0.20551904,0.117866667,0.118666667,0.117116667,0.272861933,0.323033333,0.607829167,0.8066238,0.909504167,1.023525,1.109833333,1.240133333,1.180486
X_27_mic2,0.115033333,0.111533333,0.152733333,0.567733333,1.2939,1.424766667,1.462966667,1.578466667,1.66,1.6688,1.738366667,1.742066667,1.724866667,1.7471
X_28_mic2,0.130847623,0.201585707,0.120766667,0.117633333,0.131283333,0.445361933,1.2111,1.443062333,1.578457,1.613237667,1.699391667,1.748866667,1.8488,1.873919333
X_29_mic2,0.076033333,0.0722,0.103733333,0.1027,0.109033333,0.099933333,0.1093,0.103233333,0.2836,1.211733333,1.4892,1.636733333,1.563066667,1.7369
X_30_mic2,0.107223809,0.1401875,0.165554167,0.499629167,0.919166667,1.006433367,1.109933333,1.285466667,1.427166667,1.516413333,1.6704,1.722104333,1.658757,1.678483
X_31_mic2,0.115990474,0.100591667,0.13524762,0.4386,1.243699667,1.458009667,1.552016667,1.641733333,1.680966667,1.649091667,1.704686667,1.715173333,1.641966667,1.716758333
X_32_mic2,0.072608333,0.074366667,0.103425,0.078183333,0.072467,0.06926,0.073749667,0.305316333,0.733717,0.927566667,1.40206,1.595500333,1.6804,1.744529
X_33_mic2,0.129266667,0.0806,0.112966667,0.128866667,0.4737,0.627133333,0.8298,1.149166667,1.4516,1.537466667,1.648233333,1.7619,1.821866667,1.8122
X_34_mic2,0.09802381,0.098791667,0.110047622,0.172866667,0.687166633,1.327076333,1.516216667,1.5371,1.586433333,1.576658333,1.634753333,1.669373333,1.605333333,1.637891667
X_35_mic2,0.14241429,0.167952377,0.1198,0.1189,0.100583333,0.090961903,0.146333333,0.1145625,0.144790477,0.082970833,0.093725,0.0836,1.163566667,1.403686
X_36_mic2,0.106623809,0.102325,0.114280955,0.188166667,0.585766667,1.198776333,1.346816667,1.482666667,1.487233333,1.474458333,1.560753333,1.62384,1.5643,1.624891667
X_37_mic2,0.141614287,0.163752377,0.1158,0.116133333,0.09755,0.153861903,0.538233333,1.342295667,1.506523667,1.490470667,1.567925,1.613566667,1.643666667,1.643519333
X_38_mic2,0.002933333,0.0878,0.151633333,0.5651,0.920466667,1.149433333,1.314666667,1.444066667,1.611133333,1.626766667,1.636766667,1.589633333,1.622366667,1.654066667
X_39_mic2,0.12991429,0.118452379,0.107633333,0.130633333,0.116516667,0.2494286,0.334133333,0.741429167,1.089857067,1.401337333,1.565591667,1.5642,1.649466667,1.649186
X_40_mic2,0.111523809,0.109058333,0.134680953,0.3186,0.773166633,1.208976333,1.496283333,1.620333333,1.71,1.653791667,1.67432,1.730973333,1.630066667,1.663258333
X_41_mic2,0.111523809,0.131120833,0.0973875,0.1038625,0.099833333,0.078900002,0.1344,0.906633333,1.458466667,1.43028,1.7269,1.753270667,1.675723667,1.687016333
X_42_mic2,0.08899,0.08484,0.08813,0.092076667,0.102486667,0.137156667,0.266706667,0.71581,0.98858,1.255253333,1.412303333,1.563703333,1.58057,1.588616667
X_43_mic2,0.083175,0.083533333,0.109558333,0.08965,0.087633667,0.11386,0.205449667,0.883049667,1.315183667,1.495033333,1.662326667,1.691533667,1.725366667,1.629862333
X_44_mic2,0.08549,0.087573333,0.086863333,0.089943333,0.091686667,0.090156667,0.090073333,0.137843333,0.992713333,1.361486667,1.494136667,1.620736667,1.67467,1.72815
X_45_mic2,0.084323333,0.08374,0.087663333,0.090743333,0.097686667,0.137223333,0.27414,0.714936667,1.381646667,1.40662,1.412303333,1.45817,1.562136667,1.416283333
X_46_mic2,0.086923333,0.09014,0.092163333,0.093743333,0.098086667,0.108223333,0.135006667,0.352476667,0.85548,1.014386667,1.15567,1.354736667,1.412936667,1.420716667
X_47_mic2,0.086723333,0.08674,0.09063,0.093743333,0.10202,0.115556667,0.201006667,0.814976667,1.31165,1.46108,1.42492,1.44627,1.510003333,1.463436667
X_48_mic2,0.08569,0.09254,0.105363333,0.178576667,0.329986667,0.850823333,1.33874,1.48251,1.509786667,1.53807,1.55697,1.55948,1.562536667,1.570316667
X_49_mic2,0.085156667,0.087873333,0.093096667,0.118076667,0.266286667,0.935156667,1.258083333,1.38832,1.376936667,1.352506667,1.467136667,1.43537,1.466076667,1.488946667
X_50_mic2,0.097708333,0.098766667,0.119825,0.09875,0.097333667,0.12036,0.217216333,1.369216333,1.563950333,1.6947,1.74196,1.813367,1.7859,1.814495667
X_51_mic2,0.091523333,0.092306667,0.098196667,0.095976667,0.096753333,0.102823333,0.138806667,0.476666667,1.00868,1.195886667,1.42137,1.52987,1.537736667,1.542483333
X_52_mic2,0.10378,0.075752667,0.1159,0.1055,0.04368,0.063606667,0.1277,0.756186667,1.189766667,1.500326667,1.662926667,1.70834,1.715143,1.726183333
X_53_mic2,0.09488,0.081619333,0.112333333,0.0933,0.07608,0.075673333,0.118233333,0.980153333,1.434533333,1.545226667,1.669793333,1.717906667,1.703809667,1.687183333
X_54_mic2,0.104913333,0.097952667,0.124066667,0.1018,0.098946667,0.145806667,0.402533333,1.362386667,1.613233333,1.713026667,1.740793333,1.760373333,1.745109667,1.738283333
X_55_mic2,0.089193333,0.090826667,0.083826667,0.08566,0.09892,0.1129,0.14328,0.546873333,0.97436,1.24938,1.452193333,1.413826667,1.43396,1.440333333
X_56_mic2,0.10042,0.099946667,0.089176667,0.098286667,0.12552,0.232163333,0.594796667,1.238093333,1.325616667,1.35235,1.404753333,1.495423333,1.457233333,1.53839
X_57_mic2,0.091453333,0.089046667,0.080476667,0.089386667,0.09582,0.106363333,0.148863333,0.485526667,1.09365,1.184416667,1.253486667,1.302933333,1.375256667,1.355656667
X_58_mic2,0.09232,0.08958,0.080876667,0.08912,0.103686667,0.12733,0.24913,1.05236,1.171983333,1.26555,1.282553333,1.3264,1.35669,1.38789
X_59_mic2,0.093533333,0.0885,0.090143333,0.09297,0.094056667,0.11073,0.195056667,1.047726667,1.517353333,1.67067,1.706163333,1.718953333,1.71523,1.722723333
X_60_mic2,0.095953333,0.099913333,0.089376667,0.103953333,0.139286667,0.247396667,0.562096667,1.120983333,1.267356667,1.27306,1.359466667,1.38915,1.42192,1.45599
X_61_mic2,0.08075,0.072813333,0.080850333,0.084033333,0.087816667,0.135893333,0.363616667,1.196286667,1.555326667,1.65778,1.77278,1.80594,1.774873333,1.799746667
X_62_mic2,0.0947,0.0898,0.090176667,0.091503333,0.09419,0.105896667,0.18099,0.804293333,1.450386667,1.616403333,1.689063333,1.73269,1.72793,1.741986667
X_63_mic2,0.097233333,0.089533333,0.089576667,0.09227,0.105556667,0.17833,0.477256667,1.068326667,1.404686667,1.61617,1.646496667,1.672556667,1.678263333,1.67242
X_64_mic2,0.092166667,0.089366667,0.09071,0.09047,0.095056667,0.092596667,0.098456667,0.17076,0.468653333,0.610536667,0.70143,0.737623333,1.052996667,1.28162
X_65_mic2,0.0953,0.085966667,0.088676667,0.090836667,0.09399,0.10032,0.144923333,0.66036,1.35302,1.553236667,1.66383,1.663586667,1.723656667,1.747096667
X_66_mic2,0.105026667,0.09886,0.102193333,0.09756,0.09862,0.112133333,0.13288,0.550573333,1.11566,1.23288,1.31816,1.38946,1.414026667,1.467166667
X_67_mic2,0.097366667,0.0932,0.095543333,0.096203333,0.101823333,0.12043,0.22999,0.938893333,1.309486667,1.40887,1.511696667,1.513923333,1.547096667,1.570853333
X_68_mic2,0.094833333,0.095733333,0.098643333,0.095003333,0.09619,0.118396667,0.21859,0.713126667,1.14142,1.418936667,1.643363333,1.670353333,1.681823333,1.68533
X_69_mic2,0.096033333,0.0915,0.09604,0.095436667,0.097123333,0.10173,0.136623333,0.46056,1.29862,1.613303333,1.71773,1.803253333,1.800523333,1.82123
X_70_mic2,0.092933333,0.095533333,0.097143333,0.099503333,0.100456667,0.12373,0.313123333,1.336926667,1.542286667,1.613003333,1.632196667,1.651023333,1.661063333,1.667486667
X_71_mic2,0.099516667,0.08868,0.095283667,0.099033333,0.09495,0.097993333,0.101183333,0.186686667,0.678326667,1.111046667,1.558613333,1.56864,1.575606667,1.571846667
X_72_mic2,0.078753333,0.0876,0.089153333,0.09226,0.11736,0.184553333,0.217061667,0.929586667,1.12714,1.311986667,1.440173333,1.50708,1.552433333,1.593306667
X_73_mic2,0.083200333,0.080486667,0.090453333,0.0916,0.1019,0.287266333,0.614213333,1.193583333,1.40684,1.581066667,1.678816333,1.701947333,1.655508333,1.5847
X_74_mic2,0.082433667,0.089753333,0.093453333,0.091933333,0.0863,0.100133,0.16268,1.135516667,1.310406667,1.353233333,1.350949667,1.366580667,1.482575,1.397333333
X_75_mic2,0.079486667,0.085033333,0.087753333,0.08866,0.096726667,0.11392,0.097226667,0.440453333,0.977206667,1.041686667,1.104473333,1.104746667,1.106533333,1.109873333
X_76_mic2,0.076586667,0.0814,0.089853333,0.120693333,0.219193333,0.420053333,0.563447333,0.923086667,1.25618,1.227966667,1.254953333,1.253406667,1.271373333,1.199373333
X_77_mic2,0.080853333,0.0873,0.08952,0.09096,0.09276,0.108753333,0.144139333,0.25082,0.94834,1.135853333,1.24844,1.24158,1.322133333,1.354106667
X_78_mic2,0.079986667,0.0879,0.087586667,0.093293333,0.118926667,0.159753333,0.112662667,0.52682,1.237973333,1.30512,1.408873333,1.463446667,1.497666667,1.506106667
X_79_mic2,0.094967,0.101386667,0.10482,0.101333333,0.0941,0.105933,0.227046667,1.304016667,1.51144,1.5707,1.652383,1.709380667,1.733408333,1.673166667
X_80_mic2,0.08242,0.087066667,0.08592,0.086726667,0.089593333,0.089653333,0.020126667,0.100286667,0.417373333,0.625253333,0.76204,0.796913333,0.825466667,0.866006667
X_81_mic2,0.093753333,0.0942,0.093453333,0.094226667,0.11016,0.14052,0.154339333,0.766686667,1.077506667,1.214686667,1.30634,1.365206667,1.372613333,1.421766667
X_82_mic2,0.090553333,0.094033333,0.09222,0.094193333,0.098493333,0.107086667,0.096993333,0.10812,0.410573333,0.648786667,0.89794,0.92698,0.957,0.991806667
X_83_mic2,0.081846667,0.066466667,0.094616333,0.09086,0.085646667,0.156893333,0.579433,1.15096,1.484126667,1.606941667,1.678693333,1.732713333,1.739466667,1.75154
X_84_mic2,0.093926667,0.092313333,0.089986667,0.09458,0.101786667,0.129246667,0.16846,0.422733333,0.806833333,1.232006667,1.261753333,1.306433333,1.410626667,1.411593333
X_85_mic2,0.088533333,0.090973333,0.0925,0.098113333,0.114233333,0.153313333,0.269033333,0.73606,0.997426667,1.018673333,1.06674,1.105793333,1.14014,1.212306667
X_86_mic2,0.09304,0.090666333,0.093346667,0.11675,0.10602,0.145826667,0.33152,1.08328,1.2858,1.36,1.448633333,1.434193333,1.418246667,1.42035
X_87_mic2,0.095393333,0.08386,0.085493333,0.086326667,0.081086667,0.085733333,0.07728,0.143406667,0.93036,1.237013333,1.39236,1.503693333,1.542893333,1.597433333
X_88_mic2,0.091366667,0.090173333,0.091366667,0.097546667,0.123733333,0.21098,0.4107,0.932593333,1.07624,1.203673333,1.281293333,1.359473333,1.440573333,1.48086
X_89_mic2,0.093293333,0.097726667,0.091393333,0.09116,0.094753333,0.0962,0.103813333,0.33564,0.63946,0.943949333,1.299993333,1.45546,1.55306,1.595633333
X_90_mic2,0.097926667,0.093513333,0.09402,0.098713333,0.095686667,0.101746667,0.100126667,0.098733333,0.096566667,0.09784,0.100086667,0.098333333,0.096693333,0.09826
X_91_mic2,0.09276,0.087826667,0.084393333,0.084593333,0.083753333,0.092266667,0.084546667,0.182773333,1.084426667,1.196213333,1.28716,1.30346,1.29076,1.3085
X_92_mic2,0.07864,0.073799667,0.091513333,0.048516667,0.050986667,0.063393333,0.115886667,0.69798,1.181833333,1.399633333,1.502266667,1.564026667,1.56938,1.53265
X_93_mic2,0.094246667,0.083366667,0.102716333,0.09636,0.10148,0.229226667,1.081633,1.345393333,1.547493333,1.645075,1.62596,1.629146667,1.5924,1.591706667
X_94_mic2,0.090226667,0.09198,0.088586667,0.092113333,0.099253333,0.14068,0.21476,0.684666667,1.011133333,1.181373333,1.140853333,1.1996,1.294893333,1.273826667
X_95_mic2,0.069883333,0.06468,0.074117,0.0822,0.080183333,0.09476,0.130283333,0.978353333,1.503693333,1.66248,1.74648,1.81204,1.854306667,1.857946667
X_96_mic2,0.081693333,0.085926667,0.079593333,0.082926667,0.082153333,0.108166667,0.132046667,0.941606667,1.209693333,1.255813333,1.286893333,1.315526667,1.33696,1.361833333
X_97_mic2,0.082006667,0.078899667,0.08898,0.10175,0.13132,0.299526667,0.706686667,1.00148,1.3037,1.4547,1.583766667,1.63236,1.621346667,1.547483333
X_98_mic2,0.0931,0.09214,0.092066667,0.093813333,0.0983,0.123746667,0.217666667,0.757993333,1.06844,1.165073333,1.227726667,1.25324,1.368573333,1.349326667
X_99_mic2,0.0996,0.09914,0.0995,0.10108,0.100733333,0.099113333,0.103,0.180993333,0.699806667,0.84084,1.089593333,1.134073333,1.179406667,1.18156
X_1_mic4,0.132933333,0.1221,0.1046,0.103266667,0.1087,0.1063,0.099233333,0.105566667,0.105266667,0.112066667,0.106766667,0.102366667,0.1041,0.1261
X_2_mic4,0.115137667,0.113671,0.120633333,0.126713,0.119233333,0.13734,0.076283333,0.09573,0.115499667,0.077663333,0.097366667,0.150633333,0.092466667,0.12968
X_3_mic4,0.118433333,0.1152,0.113166667,0.1268,0.251333333,0.6043,1.003466667,1.422133333,1.651633333,1.6413,1.7805,1.752466667,1.634333333,1.7658
X_4_mic4,0.073013333,0.073906667,0.077926667,0.086126667,0.0855,0.077383333,0.077546667,0.076086667,0.074513333,0.08244,0.079646667,0.079806667,0.116766667,0.077333333
X_5_mic4,0.1373,0.097133333,0.089533333,0.087766667,0.099033333,0.0935,0.090833333,0.092466667,0.1046,0.193033333,0.601166667,1.131433333,1.2573,1.4218
X_6_mic4,0.1234,0.097466667,0.089666667,0.091466667,0.103366667,0.097433333,0.0921,0.0903,0.088533333,0.0982,0.094533333,0.099933333,0.099,0.124733333
X_7_mic4,0.1173,0.1113,0.0977,0.107033333,0.140866667,0.227,0.5033,0.765533333,1.042933333,1.3794,1.638566667,1.7181,1.695266667,1.763166667
X_8_mic4,0.167033333,0.0979,0.0951,0.126666667,0.1987,0.277366667,0.381933333,0.599233333,1.0412,1.4378,1.593666667,1.648233333,1.5855,1.6087
X_9_mic4,0.1091,0.103333333,0.087566667,0.100933333,0.190133333,0.625266667,1.3497,1.468466667,1.5697,1.5683,1.7011,1.7002,1.667366667,1.744133333
X_10_mic4,0.1072,0.0986,0.083033333,0.084133333,0.1051,0.123166667,0.2177,0.675833333,1.073866667,1.416066667,1.603266667,1.651766667,1.546933333,1.696533333
X_11_mic4,0.084213333,0.083106667,0.086693333,0.089226667,0.091833333,0.083716667,0.083513333,0.082986667,0.082646667,0.08864,0.08808,0.08484,0.114633333,0.082366667
X_12_mic4,0.1071,0.102266667,0.082133333,0.087733333,0.1218,0.2048,0.840866667,1.3606,1.529233333,1.570333333,1.7724,1.735533333,1.6783,1.760066667
X_13_mic4,0.143833333,0.106533333,0.101633333,0.103233333,0.108366667,0.1017,0.095366667,0.095933333,0.095433333,0.1033,0.105,0.106366667,0.109566667,0.128233333
X_14_mic4,0.102866667,0.100233333,0.089033333,0.104033333,0.226666667,0.5716,1.0161,1.431866667,1.5672,1.587233333,1.768,1.748533333,1.7333,1.7695
X_15_mic4,0.107604333,0.107570667,0.115933333,0.129346333,0.179433333,0.257973333,0.75525,1.290995667,1.626566333,1.655162333,1.696566667,1.677166667,1.754366667,1.800913333
X_16_mic4,0.1305,0.102466667,0.0935,0.096,0.106533333,0.104833333,0.089066667,0.104933333,0.097266667,0.105933333,0.102633333,0.099333333,0.107266667,0.1275
X_17_mic4,0.099613333,0.097073333,0.10306,0.096393333,0.100833333,0.09395,0.096913333,0.101853333,0.18158,0.90824,1.53698,1.553673333,1.540033333,1.5721
X_18_mic4,0.119171,0.121804333,0.141766667,0.143879667,0.144033333,0.11584,0.102516667,0.120162333,0.151933,0.201195667,0.4122,0.5632,0.795833333,1.03258
X_19_mic4,0.103704333,0.094437,0.1386,0.127713,0.125466667,0.09364,0.08095,0.095596667,0.117866333,0.07663,0.093433333,0.0848,0.108533333,0.197013333
X_20_mic4,0.107004333,0.105104,0.124666667,0.127813,0.120566667,0.097306667,0.096316667,0.103995667,0.150899667,0.695995667,1.377933333,1.3263,1.425033333,1.530346667
X_21_mic4,0.100109525,0.078,0.058185717,0.110404167,0.125647623,0.078752377,0.098828571,0.097716666,0.106090476,0.112533333,0.117895833,0.0972,0.093857142,0.098542857
X_22_mic4,0.1026,0.097933333,0.095033333,0.127866667,0.312,0.797766667,1.033566667,1.318266667,1.566966667,1.6012,1.726466667,1.689633333,1.6701,1.688966667
X_23_mic4,0.09967619,0.0777,0.045119043,0.121270833,0.071547623,0.07778571,0.091561904,0.10065,0.105857143,0.107,0.1139625,0.092600001,0.085957141,0.07864286
X_24_mic4,0.101642858,0.077766667,0.04615238,0.121404167,0.059480953,0.079619043,0.092595237,0.103316666,0.110590475,0.114166667,0.119895833,0.096166667,0.087057141,0.08014286
X_25_mic4,0.100442858,0.072466667,0.048185713,0.1190375,0.061347623,0.085019045,0.100828571,0.142949997,0.461290433,0.538833333,0.7587625,0.930433367,1.452323667,1.540509667
X_26_mic4,0.097509526,0.069066667,0.045785713,0.1189375,0.074780957,0.124119043,0.304061933,0.672116667,0.8091905,0.9411,1.033429167,1.060133367,1.177223667,1.278576333
X_27_mic4,0.0932,0.096166667,0.107366667,0.199133333,0.715166667,1.3674,1.441833333,1.6202,1.7627,1.7588,1.830033333,1.811233333,1.796666667,1.813033333
X_28_mic4,0.099842858,0.071766667,0.04778571,0.1210375,0.05891429,0.07838571,0.094928571,0.103749999,0.113490474,0.1042,1.034929,1.499267,1.675990333,1.680543
X_29_mic4,0.1102,0.107433333,0.093733333,0.0898,0.1081,0.100733333,0.115233333,0.1001,0.191433333,0.8976,1.3012,1.463066667,1.4122,1.512066667
X_30_mic4,0.050090473,0.169554167,0.1428875,0.085095833,0.1097,0.107333335,0.005733333,0.065066667,0.1076,0.130446667,1.1129,1.355938,1.357323667,1.564183
X_31_mic4,0.119833333,0.1191,0.149275,0.230890433,0.831766667,1.222306667,1.47458,1.583226667,1.669591667,1.640825,1.702233,1.710833667,1.623483333,1.667133
X_32_mic4,0.073175,0.073266667,0.096758333,0.077416667,0.071700333,0.069526667,0.070516333,0.070183,0.075417,0.080466667,0.09906,0.066833667,0.1067,0.075095667
X_33_mic4,0.107066667,0.046166667,0.104666667,0.123133333,0.1814,0.3122,0.5478,0.804533333,1.2219,1.4678,1.641666667,1.788566667,1.8776,1.853933333
X_34_mic4,0.0961,0.1725,0.119575,0.16175714,0.451733333,1.119373333,1.453546667,1.53926,1.603558333,1.598758333,1.668466333,1.669633667,1.586583333,1.615099667
X_35_mic4,0.094609526,0.0677,0.047319047,0.118504167,0.057780953,0.077919043,0.094195237,0.097616666,0.105990476,0.0965,0.113429167,0.105566668,0.07855714,0.086376193
X_36_mic4,0.089333333,0.167666667,0.118675,0.080257141,0.1462,0.605106667,1.02488,1.403526667,1.514791667,1.486891667,1.601566333,1.661167,1.569383333,1.613133
X_37_mic4,0.091976191,0.067466667,0.048385713,0.1221375,0.06211429,0.083485711,0.096928571,0.7546833,1.322990333,1.486866667,1.611662333,1.628467,1.588090333,1.675876333
X_38_mic4,0.116533333,0.0764,0.167633333,0.635,0.951566667,1.175533333,1.301066667,1.460566667,1.635733333,1.646266667,1.717866667,1.629733333,1.674466667,1.733666667
X_39_mic4,0.090076192,0.1098,0.130552377,0.147004167,0.083047622,0.140485717,0.268995267,0.703849967,1.322990333,1.4166,1.572029333,1.619767,1.566290333,1.589443
X_40_mic4,0.113766667,0.193,0.226008333,0.323590467,0.645566667,1.150706667,1.280713333,1.558126667,1.681858333,1.648358333,1.695899667,1.677533667,1.644683333,1.672099667
X_41_mic4,0.090190474,0.1242875,0.0906875,0.093395833,0.0881,0.060733337,0.095066667,0.098133333,0.090533333,0.031346667,0.092633333,0.107570833,0.103290476,0.10765
X_42_mic4,0.09027,0.096586667,0.08802,0.092396667,0.09548,0.11689,0.184163333,0.465213333,0.818586667,1.040226667,1.41656,1.49202,1.580223333,1.637303333
X_43_mic4,0.082341667,0.080633333,0.100125,0.087016667,0.084167,0.083426667,0.090683,0.229783,1.067317,1.337633333,1.611393333,1.614133667,1.6588,1.565462333
X_44_mic4,0.087536667,0.094186667,0.091686667,0.09113,0.09318,0.097423333,0.09313,0.094246667,0.092853333,0.088826667,0.09266,0.095986667,0.08679,0.089836667
X_45_mic4,0.088136667,0.092586667,0.090853333,0.095096667,0.095613333,0.10469,0.123596667,0.382846667,1.114386667,1.319793333,1.30936,1.271986667,1.184423333,1.25787
X_46_mic4,0.090603333,0.093986667,0.093053333,0.093296667,0.095213333,0.104456667,0.112496667,0.230646667,0.613153333,0.975993333,1.094726667,1.247386667,1.388523333,1.44607
X_47_mic4,0.08437,0.088686667,0.086353333,0.09453,0.09518,0.122623333,0.173763333,0.410113333,1.099586667,1.421193333,1.42116,1.452653333,1.38289,1.443236667
X_48_mic4,0.089103333,0.097586667,0.106353333,0.152796667,0.244446667,0.516556667,1.138996667,1.305546667,1.49712,1.537226667,1.550026667,1.54629,1.561553333,1.562603333
X_49_mic4,0.087703333,0.091586667,0.087553333,0.09313,0.091146667,0.096323333,0.09483,0.093946667,0.092353333,0.095726667,0.099526667,0.097553333,0.094923333,0.095436667
X_50_mic4,0.105075,0.1036,0.122325,0.09885,0.092667,0.096026667,0.104016333,0.365349667,1.350050333,1.6303,1.705193333,1.788200333,1.7752,1.820895667
X_51_mic4,0.09557,0.096953333,0.09362,0.097063333,0.095313333,0.10079,0.104396667,0.209913333,0.585186667,0.98006,1.147226667,1.33132,1.44579,1.47647
X_52_mic4,0.091046667,0.074052667,0.1041,0.093833333,0.081646667,0.091006667,0.1174,0.684053333,1.551366667,1.69776,1.763526667,1.791106667,1.791676333,1.765116667
X_53_mic4,0.087113333,0.079686,0.097866667,0.090533333,0.08888,0.108506667,0.192733333,1.032786667,1.549833333,1.674426667,1.694526667,1.730006667,1.727876333,1.720483333
X_54_mic4,0.102946667,0.097119333,0.109333333,0.101366667,0.09498,0.102206667,0.118233333,0.55992,1.537133333,1.675093333,1.757993333,1.806206667,1.812876333,1.802516667
X_55_mic4,0.10076,0.110446667,0.100766667,0.108366667,0.097953333,0.089813333,0.125,0.382913333,0.84266,1.194053333,1.364253333,1.436033333,1.416646667,1.281706667
X_56_mic4,0.089506667,0.096946667,0.089646667,0.087533333,0.08688,0.095966667,0.093316667,0.09713,0.096026667,0.09427,0.163256667,0.741543333,1.05143,1.200313333
X_57_mic4,0.09494,0.093846667,0.091746667,0.091166667,0.09488,0.106366667,0.123683333,0.227996667,0.724126667,1.11197,1.162596667,1.16278,1.36369,1.311843333
X_58_mic4,0.088006667,0.095646667,0.089913333,0.0893,0.09568,0.1205,0.151816667,0.39613,1.014226667,1.184203333,1.298856667,1.300176667,1.28823,1.28168
X_59_mic4,0.096443333,0.09978,0.09302,0.088936667,0.095883333,0.10316,0.12934,0.430633333,1.22372,1.413173333,1.61496,1.651633333,1.6979,1.7072
X_60_mic4,0.090806667,0.098313333,0.094046667,0.100466667,0.117813333,0.176166667,0.267816667,0.78373,1.16003,1.212413333,1.22636,1.345243333,1.34367,1.39029
X_61_mic4,0.08225,0.076646667,0.082650333,0.084,0.08445,0.08446,0.08475,0.100886667,0.181393333,0.66508,1.175746667,1.481273333,1.490573333,1.515146667
X_62_mic4,0.103243333,0.106613333,0.09582,0.089736667,0.101983333,0.11126,0.14094,0.3692,1.238353333,1.44854,1.579026667,1.637266667,1.625166667,1.7275
X_63_mic4,0.102776667,0.099246667,0.090686667,0.087336667,0.115683333,0.178626667,0.34474,0.824133333,1.142453333,1.21304,1.48086,1.5643,1.534366667,1.644233333
X_64_mic4,0.101476667,0.101713333,0.094453333,0.088303333,0.095883333,0.09626,0.09194,0.110066667,0.258353333,0.505406667,0.666426667,0.9023,1.065833333,1.246533333
X_65_mic4,0.09861,0.100813333,0.092386667,0.08827,0.098616667,0.10236,0.126873333,0.378333333,1.273286667,1.452206667,1.59126,1.672133333,1.649,1.664833333
X_66_mic4,0.10706,0.10718,0.1087,0.1111,0.09922,0.092546667,0.1115,0.254046667,0.967293333,1.158953333,1.31942,1.394433333,1.409946667,1.37254
X_67_mic4,0.097443333,0.099346667,0.092553333,0.08987,0.098216667,0.10596,0.14474,0.4735,1.006786667,1.18234,1.250293333,1.3341,1.419833333,1.470866667
X_68_mic4,0.09311,0.096246667,0.093286667,0.08957,0.094216667,0.094493333,0.094706667,0.125433333,0.362953333,0.727106667,1.056826667,1.3765,1.5093,1.557126667
X_69_mic4,0.09551,0.096113333,0.091286667,0.092003333,0.099016667,0.101326667,0.120106667,0.265866667,0.776953333,1.41174,1.622793333,1.734633333,1.731,1.776733333
X_70_mic4,0.101143333,0.10228,0.098386667,0.095636667,0.098933333,0.10116,0.10164,0.162,0.84312,1.440406667,1.56536,1.659466667,1.656933333,1.702
X_71_mic4,0.099683333,0.095813333,0.101483667,0.104166667,0.10095,0.105293333,0.11095,0.23522,1.148193333,1.62288,1.73988,1.83574,1.87454,1.88228
X_72_mic4,0.089193333,0.097566667,0.09786,0.102313333,0.1001,0.182153333,0.13,0.339666667,1.13536,1.255273333,1.34872,1.50788,1.524653333,1.568533333
X_73_mic4,0.080967,0.082886667,0.090286667,0.094366667,0.094066667,0.173166333,0.40168,1.019483333,1.361906667,1.526,1.669049667,1.698014,1.654208333,1.6106
X_74_mic4,0.077967,0.087386667,0.09212,0.088066667,0.084366667,0.096433,0.129746667,0.949916667,1.286706667,1.3324,1.281483,1.318680667,1.484341667,1.383233333
X_75_mic4,0.084826667,0.0948,0.09106,0.09358,0.0936,0.11392,0.101066667,0.1566,0.68536,1.03854,1.225986667,1.31508,1.328953333,1.3298
X_76_mic4,0.083726667,0.085166667,0.09156,0.10468,0.145133333,0.420053333,0.5252,1.157666667,1.209886667,1.1968,1.30506,1.35204,1.336086667,1.34628
X_77_mic4,0.083393333,0.0871,0.087926667,0.090413333,0.095633333,0.108753333,0.1423,0.2636,0.735026667,1.09484,1.251086667,1.320186667,1.344546667,1.406266667
X_78_mic4,0.084426667,0.0869,0.09076,0.097646667,0.103766667,0.159753333,0.174533333,0.3978,1.193693333,1.276473333,1.325153333,1.484513333,1.494286667,1.535633333
X_79_mic4,0.101100333,0.101253333,0.104453333,0.103866667,0.095966667,0.101966333,0.124613333,0.86175,1.44064,1.568633333,1.702083,1.777680667,1.849841667,1.744066667
X_80_mic4,0.092526667,0.095033333,0.095526667,0.100313333,0.0973,0.09352,0.111366667,0.206133333,0.42176,0.700173333,0.909286667,0.977413333,1.00572,1.114366667
X_81_mic4,0.087426667,0.085766667,0.088893333,0.090513333,0.093,0.14052,0.138966667,0.344266667,1.114693333,1.27314,1.25872,1.364246667,1.38882,1.418533333
X_82_mic4,0.094893333,0.098133333,0.094093333,0.098513333,0.0959,0.107086667,0.099533333,0.115066667,0.183793333,0.332706667,0.679453333,0.899113333,0.96022,0.984733333
X_83_mic4,0.082713333,0.069866667,0.094116333,0.09076,0.085813333,0.132293333,0.277799667,1.092293333,1.433393333,1.572108333,1.652093333,1.709546667,1.717633333,1.747406667
X_84_mic4,0.091273333,0.086953333,0.09114,0.090766667,0.089173333,0.112266667,0.13976,0.330526667,0.837006667,0.954073333,0.992346667,1.191826667,1.276766667,1.289753333
X_85_mic4,0.08698,0.092846667,0.095153333,0.098853333,0.101306667,0.090493333,0.0935,0.159966667,0.548586667,1.036246667,1.112826667,1.146033333,1.224286667,1.284273333
X_86_mic4,0.094473333,0.091899667,0.10348,0.102083333,0.101686667,0.10596,0.133886667,0.503346667,1.1588,1.175033333,1.4068,1.446493333,1.406846667,1.41615
X_87_mic4,0.108826667,0.10768,0.1102,0.117366667,0.100853333,0.09398,0.099066667,0.098713333,0.108393333,0.303453333,1.262286667,1.446433333,1.52358,1.552073333
X_88_mic4,0.089913333,0.09028,0.09222,0.094053333,0.095406667,0.08906,0.088133333,0.090066667,0.087053333,0.10778,0.535766667,1.131786667,1.340973333,1.353726667
X_89_mic4,0.10176,0.096346667,0.097233333,0.094933333,0.09262,0.090946667,0.0956,0.094246667,0.09256,0.100186667,0.100853333,0.104033333,0.10188,0.10384
X_90_mic4,0.10034,0.095886667,0.071306667,0.074033333,0.075773333,0.0787,0.083593333,0.081726667,0.08124,0.07504,0.07778,0.07646,0.072086667,0.075433333
X_91_mic4,0.109693333,0.104746667,0.103033333,0.104266667,0.09572,0.09238,0.101933333,0.117313333,0.227493333,1.07772,1.233386667,1.317966667,1.25898,1.18644
X_92_mic4,0.075773333,0.083833,0.08598,0.089683333,0.08302,0.084393333,0.098486667,0.27718,0.9322,1.240166667,1.492366667,1.587626667,1.621046667,1.595483333
X_93_mic4,0.09688,0.091933333,0.106216333,0.10216,0.099546667,0.126026667,0.223333,1.185393333,1.485893333,1.597908333,1.622793333,1.627613333,1.582766667,1.588873333
X_94_mic4,0.091906667,0.087753333,0.090673333,0.0893,0.084973333,0.093566667,0.096426667,0.13346,0.280773333,0.743773333,1.058446667,1.01316,1.13802,1.1259
X_95_mic4,0.07135,0.06418,0.072950333,0.077266667,0.078083333,0.088393333,0.115516667,0.709286667,1.41846,1.63598,1.743346667,1.758773333,1.716273333,1.741313333
X_96_mic4,0.107826667,0.10628,0.103433333,0.110633333,0.096886667,0.095213333,0.1075,0.20868,1.032593333,1.18822,1.238286667,1.336066667,1.316646667,1.225606667
X_97_mic4,0.080806667,0.084799667,0.08168,0.10005,0.09872,0.142426667,0.303786667,0.793313333,1.0128,1.256233333,1.456166667,1.589493333,1.62588,1.59925
X_98_mic4,0.08998,0.09108,0.092686667,0.094486667,0.09364,0.087826667,0.088466667,0.092666667,0.121786667,0.25008,0.8174,1.22382,1.246793333,1.32114
X_99_mic4,0.095946667,0.09748,0.09882,0.099586667,0.10114,0.09716,0.096433333,0.102866667,0.155553333,0.485013333,0.8709,1.053026667,1.073753333,1.210706667
X_1_mic6,0.08212,0.063873333,0.081193333,0.114433333,0.07546,0.06752,0.078313333,0.07152,0.06898,0.090793333,0.088993333,0.083113333,0.0903,0.08386
X_2_mic6,0.051686667,0.063106667,0.088026667,0.0996,0.07446,0.053486667,0.07528,0.070653333,0.082213333,0.088726667,0.08506,0.078246667,0.084666667,0.07886
X_3_mic6,0.09782,0.08714,0.084226667,0.155133333,0.081626667,0.075786667,0.17158,1.29922,1.422046667,1.634426667,1.65526,1.664146667,1.605633333,1.634026667
X_4_mic6,0.074246667,0.07744,0.080193333,0.087026667,0.079233333,0.077316667,0.07708,0.074753333,0.081346667,0.08514,0.081613333,0.080406667,0.113366667,0.0826
X_5_mic6,0.10112,0.077806667,0.09306,0.1634,0.08466,0.055786667,0.08708,0.07962,0.065713333,0.09476,0.093693333,0.089846667,0.0928,0.090093333
X_6_mic6,0.063853333,0.06764,0.085593333,0.0926,0.081626667,0.06662,0.085113333,0.07732,0.106346667,0.092593333,0.09196,0.088346667,0.097166667,0.090493333
X_7_mic6,0.10212,0.09494,0.093626667,0.158033333,0.088626667,0.060486667,0.090913333,0.08372,0.053746667,0.096193333,0.09616,0.091413333,0.0942,0.09226
X_8_mic6,0.088653333,0.09444,0.102926667,0.1076,0.091126667,0.10012,0.117313333,0.252086667,0.743613333,0.89226,1.216626667,1.397813333,1.497666667,1.617593333
X_9_mic6,0.076686667,0.095306667,0.09836,0.161033333,0.10096,0.07032,0.111746667,0.173253333,0.421746667,0.622726667,1.061593333,1.322013333,1.3416,1.465926667
X_10_mic6,0.08052,0.09104,0.098726667,0.0948,0.09296,0.10262,0.127913333,0.475053333,1.321213333,1.57286,1.565426667,1.568546667,1.4882,1.563926667
X_11_mic6,0.08348,0.082973333,0.087693333,0.084993333,0.0797,0.08255,0.081346667,0.079286667,0.078246667,0.09154,0.084446667,0.088073333,0.110366667,0.0826
X_12_mic6,0.03164,0.090626667,0.080373333,0.06668,0.067646667,0.07122,0.090446667,0.074883333,0.107206667,0.163991667,1.147506667,1.374733333,1.5033,1.537306667
X_13_mic6,0.027906667,0.091993333,0.112673333,0.072113333,0.06638,0.067953333,0.091713333,0.071516667,0.11064,0.137058333,0.16934,0.1228,0.0873,0.085573333
X_14_mic6,0.050406667,0.091526667,0.065706667,0.064513333,0.075246667,0.083653333,0.12068,0.554816667,1.21574,1.543125,1.565606667,1.598533333,1.6349,1.656206667
X_15_mic6,0.043306667,0.099393333,0.093206667,0.069546667,0.07948,0.101253333,0.224413333,0.99485,1.330173333,1.532958333,1.57054,1.624833333,1.5698,1.580606667
X_16_mic6,0.038606667,0.05446,0.060073333,0.067313333,0.076413333,0.07992,0.084746667,0.08415,0.126773333,0.153058333,0.147173333,0.057933333,0.0864,0.10204
X_17_mic6,0.11648,0.112473333,0.118026667,0.105793333,0.102066667,0.10555,0.09888,0.09792,0.104113333,0.106173333,0.104846667,0.135606667,1.011033333,1.449033333
X_18_mic6,0.047506667,0.050326667,0.058573333,0.067513333,0.078613333,0.08232,0.084113333,0.086883333,0.10864,0.128325,0.10514,0.0591,0.0971,0.10494
X_19_mic6,0.05794,0.078526667,0.082206667,0.075013333,0.082646667,0.084853333,0.087013333,0.09055,0.104573333,0.144825,0.158106667,0.127066667,0.093466667,0.095673333
X_20_mic6,0.072706667,0.069526667,0.071806667,0.079546667,0.08598,0.08882,0.088046667,0.08985,0.099373333,0.120158333,0.088473333,0.059133333,0.094933333,0.099573333
X_21_mic6,0.07384,0.08726,0.076873333,0.081046667,0.08588,0.08722,0.08878,0.09285,0.10294,0.125391667,0.117973333,0.070833333,0.0852,0.09004
X_22_mic6,0.09174,0.084493333,0.091706667,0.09208,0.09668,0.110486667,0.162813333,0.727383333,1.258473333,1.509258333,1.619173333,1.631566667,1.643966667,1.62554
X_23_mic6,0.079873333,0.04074,0.067606667,0.083226667,0.104186667,0.07088,0.077446667,0.068553333,0.148946667,0.054446667,0.065093333,0.074893333,0.06756,0.078886667
X_24_mic6,0.091106667,0.038673333,0.07534,0.101293333,0.097086667,0.083146667,0.07988,0.071453333,0.127146667,0.071813333,0.07466,0.081593333,0.073893333,0.08202
X_25_mic6,0.07934,0.043773333,0.066306667,0.076026667,0.107386667,0.06618,0.079413333,0.071953333,0.16968,0.05828,0.06666,0.076726667,0.090326667,0.102553333
X_26_mic6,0.092406667,0.09524,0.088773333,0.092626667,0.100686667,0.11938,0.112813333,0.240386667,0.764513333,0.84168,1.016926667,1.062126667,1.082493333,1.123753333
X_27_mic6,0.075573333,0.05424,0.07414,0.077893333,0.088953333,0.075846667,0.120746667,0.58172,1.143413333,1.41868,1.58806,1.593926667,1.631226667,1.61702
X_28_mic6,0.076806667,0.081606667,0.072673333,0.074026667,0.093053333,0.09638,0.08488,0.07802,0.150746667,0.063113333,0.071426667,0.082226667,0.078326667,0.084486667
X_29_mic6,0.091306667,0.06594,0.08934,0.101293333,0.124953333,0.08338,0.08868,0.085253333,0.180113333,0.076846667,0.07486,0.082193333,0.08046,0.086353333
X_30_mic6,0.10634,0.13204,0.08524,0.094426667,0.093986667,0.110546667,0.092446667,0.106453333,0.177313333,0.086413333,0.088493333,0.092626667,0.089593333,0.093753333
X_31_mic6,0.11624,0.075173333,0.098073333,0.107593333,0.12712,0.096913333,0.144813333,0.91092,1.34028,1.46368,1.560093333,1.53526,1.535626667,1.517586667
X_32_mic6,0.078875,0.079966667,0.113858333,0.08765,0.080300333,0.082226667,0.079383,0.075383,0.088117,0.097,0.079493333,0.073267,0.135833333,0.077129
X_33_mic6,0.110006667,0.05454,0.086306667,0.080593333,0.079153333,0.07098,0.10368,0.78352,1.350146667,1.55608,1.629826667,1.61406,1.634126667,1.637686667
X_34_mic6,0.047400333,0.080186667,0.134950333,0.083549667,0.076733333,0.080516667,0.104116333,0.985016333,1.520266667,1.56598,1.587216667,1.687536667,1.78542,1.79138
X_35_mic6,0.03927,0.063553333,0.123583667,0.079413333,0.077133333,0.073983333,0.082313333,0.095813333,0.102666667,0.107649667,0.110283333,0.129167,0.145283667,0.189716333
X_36_mic6,0.054536667,0.08572,0.127350333,0.097513333,0.087,0.077616667,0.089446667,0.299216333,1.3152,1.428449667,1.497016667,1.641133667,1.801417,1.793249667
X_37_mic6,0.054203333,0.07182,0.128550333,0.078146667,0.084933333,0.077716667,0.082713333,0.098114333,0.109033333,0.109182,0.37675,1.216233667,1.543050333,1.617916333
X_38_mic6,0.068836667,0.08812,0.103484667,0.08868,0.082766667,0.08965,0.110049667,0.594749667,1.278933333,1.257916333,1.48105,1.612567,1.660250333,1.659216333
X_39_mic6,0.07747,0.112353333,0.157483667,0.089413333,0.092266667,0.101483333,0.145683,0.578049667,1.066033333,1.257116333,1.480983333,1.632333667,1.671783667,1.690216333
X_40_mic6,0.068836667,0.071753333,0.089986667,0.08248,0.0824,0.092383333,0.129149667,0.797083,1.333433333,1.482916333,1.587783333,1.669367,1.741417,1.776049667
X_41_mic6,0.092136667,0.112353333,0.147283667,0.101948667,0.097166667,0.093116667,0.089746667,0.094113333,0.127833333,0.093446667,0.094283333,0.145533667,0.135117,0.166549667
X_42_mic6,0.079066667,0.0735,0.0839,0.087133333,0.089833333,0.085466667,0.076533333,0.1186,0.4977,0.935033333,1.302833333,1.4966,1.696233333,1.767966667
X_43_mic6,0.089441667,0.089166667,0.108691667,0.092516667,0.086700333,0.088293333,0.084616333,0.089049667,0.107050333,0.153733333,1.19406,1.480600333,1.605233333,1.574729
X_44_mic6,0.092733333,0.0903,0.098,0.098833333,0.103033333,0.097766667,0.089366667,0.076066667,0.159733333,0.115133333,0.097466667,0.129733333,0.2552,0.188366667
X_45_mic6,0.090766667,0.086833333,0.096333333,0.093733333,0.094,0.082366667,0.0863,0.097333333,0.088033333,0.1362,1.006166667,1.444066667,1.576766667,1.599366667
X_46_mic6,0.071966667,0.0876,0.096033333,0.091366667,0.069433333,0.0873,0.0851,0.0877,0.099633333,0.305933333,0.915666667,1.241033333,1.4725,1.551533333
X_47_mic6,0.071366667,0.0846,0.086266667,0.0843,0.0828,0.092266667,0.097233333,0.1312,0.5437,1.312733333,1.516133333,1.586433333,1.680333333,1.681766667
X_48_mic6,0.0802,0.092433333,0.116366667,0.0947,0.0757,0.0983,0.105733333,0.2337,0.974466667,1.237266667,1.535766667,1.5972,1.612633333,1.635666667
X_49_mic6,0.076966667,0.0931,0.092333333,0.1043,0.128166667,0.0895,0.092066667,0.146733333,0.0971,0.1068,0.121566667,0.101666667,0.1012,0.090533333
X_50_mic6,0.110541667,0.107233333,0.123991667,0.105516667,0.100633667,0.105426667,0.099216333,0.109883,0.299150333,1.345066667,1.68356,1.777433667,1.806333333,1.835895667
X_51_mic6,0.077433333,0.076766667,0.087066667,0.094033333,0.104433333,0.090233333,0.092266667,0.130133333,0.114866667,0.3498,1.055233333,1.4186,1.613166667,1.663633333
X_52_mic6,0.102646667,0.086552667,0.131833333,0.1064,0.05208,0.06374,0.083066667,0.712586667,1.354733333,1.49396,1.659126667,1.717073333,1.684343,1.684916667
X_53_mic6,0.100546667,0.089186,0.121366667,0.099566667,0.09148,0.103473333,0.102433333,0.276286667,1.403066667,1.63406,1.726593333,1.78364,1.777776333,1.765083333
X_54_mic6,0.123346667,0.109919333,0.125,0.1136,0.107846667,0.108706667,0.111133333,0.164953333,1.149733333,1.467193333,1.626193333,1.70554,1.758143,1.75655
X_55_mic6,0.090533333,0.087066667,0.092733333,0.091533333,0.1028,0.0977,0.121266667,0.359233333,0.768466667,1.005433333,1.206833333,1.309266667,1.5275,1.536266667
X_56_mic6,0.0951,0.078066667,0.080433333,0.083133333,0.0799,0.078733333,0.077033333,0.069866667,0.085733333,0.079266667,0.079866667,0.0922,0.086666667,0.084733333
X_57_mic6,0.0869,0.074066667,0.076333333,0.0772,0.074133333,0.078966667,0.079833333,0.098566667,0.552766667,1.166733333,1.360533333,1.443266667,1.5177,1.531733333
X_58_mic6,0.105933333,0.0936,0.087366667,0.089533333,0.084366667,0.124266667,0.096733333,0.162933333,0.639566667,0.9746,1.4052,1.3965,1.4742,1.477733333
X_59_mic6,0.0764,0.081366667,0.092296667,0.087186667,0.09804,0.091766667,0.09189,0.167213333,0.931916667,1.339603333,1.695166667,1.746196667,1.72238,1.648293333
X_60_mic6,0.1078,0.0967,0.096366667,0.098933333,0.090233333,0.123133333,0.094166667,0.3367,1.105966667,1.437066667,1.4261,1.447266667,1.4959,1.493766667
X_61_mic6,0.090083333,0.080413333,0.086950333,0.089933333,0.09195,0.09526,0.097916667,0.159753333,0.818293333,1.462646667,1.717146667,1.786873333,1.77044,1.794113333
X_62_mic6,0.1003,0.0838,0.0904,0.091066667,0.0869,0.108633333,0.1014,0.274166667,1.222033333,1.454866667,1.612133333,1.616066667,1.636233333,1.632733333
X_63_mic6,0.093733333,0.081533333,0.0901,0.088866667,0.088533333,0.112433333,0.0997,0.181833333,0.877266667,1.2502,1.467133333,1.4886,1.554633333,1.548533333
X_64_mic6,0.111466667,0.091633333,0.0943,0.0998,0.105833333,0.1375,0.099233333,0.0986,0.258233333,0.657066667,0.894366667,0.981666667,1.0417,1.0706
X_65_mic6,0.0919,0.0782,0.086266667,0.085566667,0.0838,0.0866,0.103566667,0.1837,1.119033333,1.1787,1.488133333,1.455266667,1.435266667,1.4705
X_66_mic6,0.085356667,0.090616667,0.08526,0.096586667,0.091133333,0.092216667,0.098376667,0.141793333,0.59295,1.163256667,1.385166667,1.47304,1.495616667,1.542966667
X_67_mic6,0.073533333,0.080733333,0.086796667,0.08602,0.094393333,0.092233333,0.09579,0.52908,1.37425,1.599103333,1.632066667,1.637863333,1.613213333,1.491826667
X_68_mic6,0.078133333,0.082466667,0.087996667,0.08742,-0.10314,0.088366667,0.086856667,0.08828,0.09075,0.206103333,0.7407,1.161296667,1.37698,1.487893333
X_69_mic6,0.0793,0.084366667,0.089996667,0.09122,-0.10314,0.0938,0.09369,0.112546667,0.35125,1.454603333,1.706266667,1.842263333,1.85398,1.82766
X_70_mic6,0.081566667,0.0828,0.090096667,0.08942,0.09186,0.0907,0.08759,0.08928,0.12435,0.875103333,1.5743,1.702063333,1.751113333,1.745193333
X_71_mic6,0.10225,0.096913333,0.100817,0.101466667,0.098816667,0.098393333,0.095783333,0.100553333,0.110293333,0.108346667,0.29928,0.90594,1.32874,1.460146667
X_72_mic6,0.082566667,0.0818,0.089063333,0.088853333,0.094026667,0.0937,0.09089,0.08858,0.08565,0.093236667,0.0946,0.097263333,0.09818,0.088093333
X_73_mic6,0.086500333,0.08842,0.09512,0.094966667,0.082166667,0.081933,0.090713333,0.266916667,0.57784,0.848366667,1.301749667,1.571914,1.622375,1.696633333
X_74_mic6,0.086233667,0.09442,0.100053333,0.0943,0.086033333,0.087399667,0.10128,0.263116667,1.090706667,1.243866667,1.236783,1.301080667,1.470108333,1.330433333
X_75_mic6,0.0922,0.092566667,0.096063333,0.09792,0.09936,0.098933333,0.098756667,0.108113333,0.110883333,0.33817,1.205733333,1.1683,1.17938,1.139626667
X_76_mic6,0.078136667,0.080123333,0.072726667,0.072793333,0.082943333,0.081866667,0.076993333,0.160726667,0.90514,1.23182,1.272316667,1.24217,1.32993,1.31955
X_77_mic6,0.063936667,0.07009,0.071893333,0.07826,0.08101,0.075633333,0.079626667,0.105926667,0.466773333,0.964953333,1.169583333,1.23347,1.430696667,1.44095
X_78_mic6,0.07907,0.07719,0.07396,0.077693333,0.08151,0.079066667,0.07346,0.10696,0.54824,1.41762,1.566883333,1.583936667,1.615296667,1.615783333
X_79_mic6,0.107267,0.109786667,0.11572,0.112266667,0.100866667,0.102033,0.108713333,0.199483333,1.24954,1.486066667,1.680349667,1.767147333,1.853975,1.760333333
X_80_mic6,0.08028,0.0641,0.091616333,0.088693333,0.077813333,0.084126667,0.114666333,0.37736,0.747146667,0.812626667,0.800993333,0.833766667,0.90644,0.997675
X_81_mic6,0.076303333,0.07779,0.08046,0.083393333,0.083576667,0.086933333,0.08946,0.319793333,1.028773333,1.479286667,1.490416667,1.46517,1.475063333,1.463416667
X_82_mic6,0.083336667,0.074423333,0.076926667,0.07876,0.07671,0.080866667,0.07086,0.07686,0.077906667,0.07782,-0.015483333,-0.066496667,-0.076736667,-0.05015
X_83_mic6,0.091313333,0.075733333,0.097983,0.094593333,0.089746667,0.108526667,0.136466333,0.623726667,1.348493333,1.525041667,1.62436,1.69298,1.713633333,1.758906667
X_84_mic6,0.102636667,0.105423333,0.099693333,0.102093333,0.10561,0.1025,0.105026667,0.172993333,0.709873333,1.12072,1.404416667,1.39207,1.49003,1.43705
X_85_mic6,0.094236667,0.09069,0.091093333,0.090626667,0.092176667,0.091233333,0.089726667,0.08976,0.088773333,0.09092,0.007583333,-0.05433,-0.068736667,-0.07625
X_86_mic6,0.10194,0.100233,0.094713333,0.115283333,0.09652,0.097293333,0.099853333,0.12138,0.265666667,1.054033333,1.228966667,1.37076,1.42278,1.393683333
X_87_mic6,0.088423333,0.089583333,0.09356,0.106653333,0.082666667,0.099116667,0.08341,0.07696,0.09515,0.143523333,1.025633333,1.477606667,1.59215,1.655233333
X_88_mic6,0.08529,0.080683333,0.082893333,0.08872,0.0775,0.083483333,0.083943333,0.081193333,0.095016667,0.08509,0.0989,0.09714,0.086016667,0.094766667
X_89_mic6,0.088823333,0.090583333,0.092793333,0.095886667,0.079766667,0.09295,0.08811,0.083226667,0.08765,0.08699,0.0993,0.099106667,0.085983333,0.099
X_90_mic6,0.126367,0.133286667,0.144583667,0.111516333,0.105466667,0.099883333,0.100616333,0.103515333,0.114133333,0.102682,0.106416667,0.174400333,0.115717,0.140983
X_91_mic6,0.08119,0.084083333,0.07976,0.08252,0.0799,0.09115,0.09291,0.08936,0.111883333,0.348956667,1.205533333,1.323606667,1.285916667,1.333533333
X_92_mic6,0.085406667,0.097733,0.09338,0.08725,0.071886667,0.070493333,0.07422,0.083113333,0.079366667,0.117666667,0.723266667,1.268626667,1.297813333,1.29855
X_93_mic6,0.10558,0.101966667,0.114783,0.10516,0.10138,0.104026667,0.119699667,0.340793333,1.30426,1.523641667,1.606993333,1.623213333,1.5785,1.59504
X_94_mic6,0.103956667,0.09635,0.093026667,0.085586667,0.091266667,0.090483333,0.095076667,0.094726667,0.09875,0.097256667,0.1095,0.266873333,1.221883333,1.544
X_95_mic6,0.07535,0.069613333,0.079650333,0.083633333,0.081783333,0.08846,0.09445,0.27522,1.027493333,1.36738,1.545913333,1.60034,1.644673333,1.703146667
X_96_mic6,0.094356667,0.08235,0.09256,0.101086667,0.076633333,0.084483333,0.083043333,0.092693333,0.294383333,1.145056667,1.296533333,1.358673333,1.315683333,1.353933333
X_97_mic6,0.080873333,0.081899667,0.078213333,0.08445,0.066753333,0.06626,0.07072,0.081013333,0.081433333,0.078333333,0.0738,0.069993333,0.084413333,0.17905
X_98_mic6,0.091556667,0.084616667,0.08576,0.08222,0.0819,0.08345,0.08661,0.086526667,0.087883333,0.08849,0.102933333,0.155106667,0.987583333,1.3135
X_99_mic6,0.096456667,0.087916667,0.085093333,0.080353333,0.0814,0.084683333,0.089576667,0.090493333,0.088016667,0.09819,0.5032,1.183306667,1.244683333,1.377066667
